<?xml version="1.0" encoding="utf-8"?>
<toolbar>
	<items>
		<item>
			<name>Profile</name>
			<alias>profile</alias>
			<link><![CDATA[index.php?option=com_community&view=profile]]></link>
			<access>1</access>
			<childs>
				<item>
					<name>Change Profile Picture</name>
					<alias>change-profile-picture</alias>
					<access>1</access>
					<link><![CDATA[index.php?option=com_community&view=profile&task=uploadAvatar]]></link>
				</item>
				<item>
					<name>Change Profile Video</name>
					<alias>change-profile-video</alias>
					<access>1</access>
					<link><![CDATA[index.php?option=com_community&view=profile&task=linkVideo]]></link>
				</item>
				<item>
					<name>Edit Profile</name>
					<alias>edit-profile</alias>
					<access>1</access>
					<link><![CDATA[index.php?option=com_community&view=profile&task=edit]]></link>
				</item>
				<item>
					<name>Edit Details</name>
					<alias>edit-details</alias>
					<access>1</access>
					<link><![CDATA[index.php?option=com_community&view=profile&task=editDetails]]></link>
				</item>
				<item>
					<name>Privacy</name>
					<alias>privacy</alias>
					<access>1</access>
					<link><![CDATA[index.php?option=com_community&view=profile&task=privacy]]></link>
				</item>
				<item>
					<name>Preferences</name>
					<alias>preferences</alias>
					<access>1</access>
					<link><![CDATA[index.php?option=com_community&view=profile&task=preferences]]></link>
				</item>
				<item>
					<name>Customize My Page</name>
					<alias>customize-my-page</alias>
					<access>1</access>
					<link><![CDATA[index.php?option=com_community&view=profile&task=editPage]]></link>
				</item>
                <item>
                    <name>Notifications</name>
                    <alias>notifications</alias>
                    <access>1</access>
                    <link><![CDATA[index.php?option=com_community&view=profile&task=notifications]]></link>
                </item>
			</childs>
		</item>
        <item>
            <name>Members</name>
            <alias>members</alias>
            <link><![CDATA[index.php?option=com_community&view=search&task=browse]]></link>
            <access>1</access>
            <childs>
                <item>
                    <name>All Members</name>
                    <alias>all-members</alias>
                    <access>1</access>
                    <link><![CDATA[index.php?option=com_community&view=search&task=browse]]></link>
                </item>
                <item>
                    <name>Advanced Search</name>
                    <alias>advanced-search</alias>
                    <access>1</access>
                    <link><![CDATA[index.php?option=com_community&view=search&task=advancesearch]]></link>
                </item>

            </childs>
        </item>
		<item>
			<name>Friends</name>
			<alias>friends</alias>
			<access>1</access>
			<link><![CDATA[index.php?option=com_community&view=friends]]></link>
			<childs>
				<item>
					<name>All Friends</name>
					<alias>all-friends</alias>
					<access>1</access>
					<link><![CDATA[index.php?option=com_community&view=friends]]></link>
				</item>
				<item>
					<name>Request Sent</name>
					<alias>request-sent</alias>
					<access>1</access>
					<link><![CDATA[index.php?option=com_community&view=friends&task=sent]]></link>
				</item>
				<item>
					<name>Pending my approval</name>
					<alias>pending-my-approval</alias>
					<access>1</access>
					<link><![CDATA[index.php?option=com_community&view=friends&task=pending]]></link>
				</item>
			</childs>
		</item>
        <item>
            <name>Pages</name>
            <alias>pages</alias>
            <access>1</access>
            <link><![CDATA[index.php?option=com_community&view=pages]]></link>
        </item>
		<item>
			<name>Groups</name>
			<alias>groups</alias>
			<access>1</access>
			<link><![CDATA[index.php?option=com_community&view=groups]]></link>
		</item>
		<item>
			<name>Photos</name>
			<alias>photos</alias>
			<access>1</access>
			<link><![CDATA[index.php?option=com_community&view=photos]]></link>
		</item>
		<item>
			<name>Videos</name>
			<alias>videos</alias>
			<access>1</access>
			<link><![CDATA[index.php?option=com_community&view=videos]]></link>
		</item>
		<item>
			<name>Events</name>
			<alias>events</alias>
			<access>1</access>
			<link><![CDATA[index.php?option=com_community&view=events]]></link>
		</item>
        <item>
            <name>Polls</name>
            <alias>polls</alias>
            <access>1</access>
            <link><![CDATA[index.php?option=com_community&view=polls]]></link>
        </item>
	</items>
</toolbar>